k,t_vol,t_sample,avg_smart_rej,expr
1,2.574,0.224,0.0,(<r1.<a*.g>_[0,1]>_[0,2])*
2,1.585,0.144,0.0,(<r2.<r1.<a*.g>_[0,1]>_[0,2]>_[0,3])*
3,1.256,0.251,0.0,(<r3.<r2.<r1.<a*.g>_[0,1]>_[0,2]>_[0,3]>_[0,4])*
4,0.986,0.270,0.0,(<r4.<r3.<r2.<r1.<a*.g>_[0,1]>_[0,2]>_[0,3]>_[0,4]>_[0,5])*
5,1.024,1.133,0.0,(<r5.<r4.<r3.<r2.<r1.<a*.g>_[0,1]>_[0,2]>_[0,3]>_[0,4]>_[0,5]>_[0,6])*
6,1.596,2.553,0.0,(<r6.<r5.<r4.<r3.<r2.<r1.<a*.g>_[0,1]>_[0,2]>_[0,3]>_[0,4]>_[0,5]>_[0,6]>_[0,7])*
7,1.898,3.659,0.0,(<r7.<r6.<r5.<r4.<r3.<r2.<r1.<a*.g>_[0,1]>_[0,2]>_[0,3]>_[0,4]>_[0,5]>_[0,6]>_[0,7]>_[0,8])*
8,1.679,5.602,0.0,(<r8.<r7.<r6.<r5.<r4.<r3.<r2.<r1.<a*.g>_[0,1]>_[0,2]>_[0,3]>_[0,4]>_[0,5]>_[0,6]>_[0,7]>_[0,8]>_[0,9])*
9,1.937,9.551,0.0,(<r9.<r8.<r7.<r6.<r5.<r4.<r3.<r2.<r1.<a*.g>_[0,1]>_[0,2]>_[0,3]>_[0,4]>_[0,5]>_[0,6]>_[0,7]>_[0,8]>_[0,9]>_[0,10])*
